{
  "type": "crafting_shapeless",
  "ingredients": [
    {
      "item": "iceandfire:shiny_scales"
    },
    {
      "item": "iceandfire:sea_serpent_scales_green"
    },
    {
      "item": "iceandfire:sea_serpent_scales_green"
    },
    {
      "item": "iceandfire:sea_serpent_scales_green"
    },
    {
      "item": "iceandfire:sea_serpent_scales_green"
    },
    {
      "item": "iceandfire:sea_serpent_scales_green"
    }
  ],
  "result": {
    "item": "iafgear:shiny_scale_green",
    "count": 5
  }
}